[Date : 4/8/2024, Time : 6:51:47 pm, Ip Address : ::1, Path : /, StatusCode:200]
[Date : 4/8/2024, Time : 6:51:56 pm, Ip Address : ::1, Path : /logs, StatusCode:200]
[Date : 4/8/2024, Time : 6:52:06 pm, Ip Address : ::1, Path : /gae, StatusCode:200]
[Date : 4/8/2024, Time : 6:52:12 pm, Ip Address : ::1, Path : /kof, StatusCode:200]
[Date : 4/8/2024, Time : 6:52:16 pm, Ip Address : ::1, Path : /about, StatusCode:200]
[Date : 4/8/2024, Time : 6:52:21 pm, Ip Address : ::1, Path : /search, StatusCode:200]
[Date : 4/8/2024, Time : 6:52:22 pm, Ip Address : ::1, Path : /search, StatusCode:200]
[Date : 4/8/2024, Time : 6:52:27 pm, Ip Address : ::1, Path : /logs, StatusCode:200]
[Date : 4/8/2024, Time : 6:52:28 pm, Ip Address : ::1, Path : /link, StatusCode:200]
[Date : 4/8/2024, Time : 6:52:32 pm, Ip Address : ::1, Path : /kokd, StatusCode:200]
[Date : 4/8/2024, Time : 6:55:40 pm, Ip Address : ::1, Path : /logs, StatusCode:200]
[Date : 4/8/2024, Time : 6:55:45 pm, Ip Address : ::1, Path : /, StatusCode:200]
[Date : 4/8/2024, Time : 6:55:48 pm, Ip Address : ::1, Path : /logs, StatusCode:200]
[Date : 4/8/2024, Time : 6:55:52 pm, Ip Address : ::1, Path : /kinf, StatusCode:200]
[Date : 4/8/2024, Time : 6:55:57 pm, Ip Address : ::1, Path : /kojj, StatusCode:200]
[Date : 4/8/2024, Time : 6:56:02 pm, Ip Address : ::1, Path : /about, StatusCode:200]
[Date : 4/8/2024, Time : 6:56:13 pm, Ip Address : ::1, Path : /search, StatusCode:200]
[Date : 4/8/2024, Time : 6:56:14 pm, Ip Address : ::1, Path : /search, StatusCode:200]
[Date : 4/8/2024, Time : 6:56:16 pm, Ip Address : ::1, Path : /about, StatusCode:200]
[Date : 4/8/2024, Time : 6:56:18 pm, Ip Address : ::1, Path : /alpjs, StatusCode:200]
[Date : 4/8/2024, Time : 6:56:44 pm, Ip Address : ::1, Path : /hkjegkaegg, StatusCode:200]
[Date : 4/8/2024, Time : 6:56:47 pm, Ip Address : ::1, Path : /about, StatusCode:200]
[Date : 4/8/2024, Time : 6:56:54 pm, Ip Address : ::1, Path : /logs, StatusCode:200]
[Date : 4/8/2024, Time : 6:58:16 pm, Ip Address : ::1, Path : /logs, StatusCode:200]
[Date : 4/8/2024, Time : 6:58:59 pm, Ip Address : ::1, Path : /logs, StatusCode:200]
